{
  "records": [
    {
      "file": "contact-center.html",
      "tag": "link",
      "attr": "href",
      "value": "manifest.json",
      "position": [
        10,
        6
      ],
      "status": "ok",
      "detail": null
    },
    {
      "file": "contact-center.html",
      "tag": "script",
      "attr": "src",
      "value": "js/theme-init.js",
      "position": [
        24,
        6
      ],
      "status": "ok",
      "detail": null
    },
    {
      "file": "contact-center.html",
      "tag": "link",
      "attr": "href",
      "value": "css/style.css",
      "position": [
        25,
        6
      ],
      "status": "ok",
      "detail": null
    },
    {
      "file": "contact-center.html",
      "tag": "link",
      "attr": "href",
      "value": "css/utility.css",
      "position": [
        26,
        4
      ],
      "status": "ok",
      "detail": null
    },
    {
      "file": "contact-center.html",
      "tag": "link",
      "attr": "href",
      "value": "https://cdnjs.cloudflare.com/ajax/libs/font-awesome/6.5.1/css/all.min.css",
      "position": [
        27,
        4
      ],
      "status": "external",
      "detail": null
    },
    {
      "file": "contact-center.html",
      "tag": "link",
      "attr": "href",
      "value": "fabs/css/cojoin.css",
      "position": [
        28,
        4
      ],
      "status": "ok",
      "detail": null
    },
    {
      "file": "contact-center.html",
      "tag": "link",
      "attr": "href",
      "value": "fabs/css/chatbot.css",
      "position": [
        29,
        4
      ],
      "status": "ok",
      "detail": null
    },
    {
      "file": "contact-center.html",
      "tag": "a",
      "attr": "href",
      "value": "index.html",
      "position": [
        34,
        6
      ],
      "status": "ok",
      "detail": null
    },
    {
      "file": "contact-center.html",
      "tag": "a",
      "attr": "href",
      "value": "index.html",
      "position": [
        43,
        8
      ],
      "status": "ok",
      "detail": null
    },
    {
      "file": "contact-center.html",
      "tag": "a",
      "attr": "href",
      "value": "contact-center.html",
      "position": [
        44,
        8
      ],
      "status": "ok",
      "detail": null
    },
    {
      "file": "contact-center.html",
      "tag": "a",
      "attr": "href",
      "value": "it-support.html",
      "position": [
        45,
        8
      ],
      "status": "ok",
      "detail": null
    },
    {
      "file": "contact-center.html",
      "tag": "a",
      "attr": "href",
      "value": "professional-services.html",
      "position": [
        46,
        8
      ],
      "status": "ok",
      "detail": null
    },
    {
      "file": "contact-center.html",
      "tag": "a",
      "attr": "href",
      "value": "#services",
      "position": [
        65,
        6
      ],
      "status": "ok",
      "detail": null
    },
    {
      "file": "contact-center.html",
      "tag": "a",
      "attr": "href",
      "value": "sitemap.xml",
      "position": [
        95,
        6
      ],
      "status": "ok",
      "detail": null
    },
    {
      "file": "contact-center.html",
      "tag": "script",
      "attr": "src",
      "value": "js/utils.js",
      "position": [
        99,
        4
      ],
      "status": "ok",
      "detail": null
    },
    {
      "file": "contact-center.html",
      "tag": "script",
      "attr": "src",
      "value": "js/langtheme.js",
      "position": [
        100,
        4
      ],
      "status": "ok",
      "detail": null
    },
    {
      "file": "contact-center.html",
      "tag": "script",
      "attr": "src",
      "value": "js/main.js",
      "position": [
        101,
        4
      ],
      "status": "ok",
      "detail": null
    },
    {
      "file": "contact-center.html",
      "tag": "script",
      "attr": "src",
      "value": "js/search.js",
      "position": [
        102,
        4
      ],
      "status": "ok",
      "detail": null
    },
    {
      "file": "contact-center.html",
      "tag": "script",
      "attr": "src",
      "value": "https://unpkg.com/dompurify@3.0.6/dist/purify.min.js",
      "position": [
        103,
        4
      ],
      "status": "external",
      "detail": null
    },
    {
      "file": "contact-center.html",
      "tag": "script",
      "attr": "src",
      "value": "js/antibot.js",
      "position": [
        104,
        4
      ],
      "status": "ok",
      "detail": null
    },
    {
      "file": "contact-center.html",
      "tag": "script",
      "attr": "src",
      "value": "fabs/js/cojoin.js",
      "position": [
        105,
        4
      ],
      "status": "ok",
      "detail": null
    },
    {
      "file": "contact-center.html",
      "tag": "script",
      "attr": "src",
      "value": "fabs/js/fab-handlers.js",
      "position": [
        106,
        4
      ],
      "status": "ok",
      "detail": null
    },
    {
      "file": "contact-center.html",
      "tag": "script",
      "attr": "src",
      "value": "fabs/js/chattia.js",
      "position": [
        107,
        4
      ],
      "status": "ok",
      "detail": null
    },
    {
      "file": "contact-center.html",
      "tag": "script",
      "attr": "src",
      "value": "cojoinlistener.js",
      "position": [
        108,
        4
      ],
      "status": "ok",
      "detail": null
    },
    {
      "file": "professional-services.html",
      "tag": "link",
      "attr": "href",
      "value": "manifest.json",
      "position": [
        10,
        6
      ],
      "status": "ok",
      "detail": null
    },
    {
      "file": "professional-services.html",
      "tag": "script",
      "attr": "src",
      "value": "js/theme-init.js",
      "position": [
        24,
        6
      ],
      "status": "ok",
      "detail": null
    },
    {
      "file": "professional-services.html",
      "tag": "link",
      "attr": "href",
      "value": "css/style.css",
      "position": [
        25,
        6
      ],
      "status": "ok",
      "detail": null
    },
    {
      "file": "professional-services.html",
      "tag": "link",
      "attr": "href",
      "value": "css/utility.css",
      "position": [
        26,
        4
      ],
      "status": "ok",
      "detail": null
    },
    {
      "file": "professional-services.html",
      "tag": "link",
      "attr": "href",
      "value": "https://cdnjs.cloudflare.com/ajax/libs/font-awesome/6.5.1/css/all.min.css",
      "position": [
        27,
        4
      ],
      "status": "external",
      "detail": null
    },
    {
      "file": "professional-services.html",
      "tag": "link",
      "attr": "href",
      "value": "fabs/css/cojoin.css",
      "position": [
        28,
        4
      ],
      "status": "ok",
      "detail": null
    },
    {
      "file": "professional-services.html",
      "tag": "link",
      "attr": "href",
      "value": "fabs/css/chatbot.css",
      "position": [
        29,
        4
      ],
      "status": "ok",
      "detail": null
    },
    {
      "file": "professional-services.html",
      "tag": "a",
      "attr": "href",
      "value": "index.html",
      "position": [
        34,
        6
      ],
      "status": "ok",
      "detail": null
    },
    {
      "file": "professional-services.html",
      "tag": "a",
      "attr": "href",
      "value": "index.html",
      "position": [
        43,
        8
      ],
      "status": "ok",
      "detail": null
    },
    {
      "file": "professional-services.html",
      "tag": "a",
      "attr": "href",
      "value": "contact-center.html",
      "position": [
        44,
        8
      ],
      "status": "ok",
      "detail": null
    },
    {
      "file": "professional-services.html",
      "tag": "a",
      "attr": "href",
      "value": "it-support.html",
      "position": [
        45,
        8
      ],
      "status": "ok",
      "detail": null
    },
    {
      "file": "professional-services.html",
      "tag": "a",
      "attr": "href",
      "value": "professional-services.html",
      "position": [
        46,
        8
      ],
      "status": "ok",
      "detail": null
    },
    {
      "file": "professional-services.html",
      "tag": "a",
      "attr": "href",
      "value": "#offer",
      "position": [
        65,
        6
      ],
      "status": "ok",
      "detail": null
    },
    {
      "file": "professional-services.html",
      "tag": "img",
      "attr": "src",
      "value": "https://placehold.co/600x100?text=Partner+Logos",
      "position": [
        83,
        6
      ],
      "status": "external",
      "detail": null
    },
    {
      "file": "professional-services.html",
      "tag": "a",
      "attr": "href",
      "value": "sitemap.xml",
      "position": [
        100,
        6
      ],
      "status": "ok",
      "detail": null
    },
    {
      "file": "professional-services.html",
      "tag": "script",
      "attr": "src",
      "value": "js/utils.js",
      "position": [
        104,
        4
      ],
      "status": "ok",
      "detail": null
    },
    {
      "file": "professional-services.html",
      "tag": "script",
      "attr": "src",
      "value": "js/langtheme.js",
      "position": [
        105,
        4
      ],
      "status": "ok",
      "detail": null
    },
    {
      "file": "professional-services.html",
      "tag": "script",
      "attr": "src",
      "value": "js/main.js",
      "position": [
        106,
        4
      ],
      "status": "ok",
      "detail": null
    },
    {
      "file": "professional-services.html",
      "tag": "script",
      "attr": "src",
      "value": "js/search.js",
      "position": [
        107,
        4
      ],
      "status": "ok",
      "detail": null
    },
    {
      "file": "professional-services.html",
      "tag": "script",
      "attr": "src",
      "value": "https://unpkg.com/dompurify@3.0.6/dist/purify.min.js",
      "position": [
        108,
        4
      ],
      "status": "external",
      "detail": null
    },
    {
      "file": "professional-services.html",
      "tag": "script",
      "attr": "src",
      "value": "js/antibot.js",
      "position": [
        109,
        4
      ],
      "status": "ok",
      "detail": null
    },
    {
      "file": "professional-services.html",
      "tag": "script",
      "attr": "src",
      "value": "fabs/js/cojoin.js",
      "position": [
        110,
        4
      ],
      "status": "ok",
      "detail": null
    },
    {
      "file": "professional-services.html",
      "tag": "script",
      "attr": "src",
      "value": "fabs/js/fab-handlers.js",
      "position": [
        111,
        4
      ],
      "status": "ok",
      "detail": null
    },
    {
      "file": "professional-services.html",
      "tag": "script",
      "attr": "src",
      "value": "fabs/js/chattia.js",
      "position": [
        112,
        4
      ],
      "status": "ok",
      "detail": null
    },
    {
      "file": "professional-services.html",
      "tag": "script",
      "attr": "src",
      "value": "cojoinlistener.js",
      "position": [
        113,
        4
      ],
      "status": "ok",
      "detail": null
    },
    {
      "file": "index.html",
      "tag": "link",
      "attr": "href",
      "value": "manifest.json",
      "position": [
        10,
        6
      ],
      "status": "ok",
      "detail": null
    },
    {
      "file": "index.html",
      "tag": "script",
      "attr": "src",
      "value": "js/theme-init.js",
      "position": [
        25,
        6
      ],
      "status": "ok",
      "detail": null
    },
    {
      "file": "index.html",
      "tag": "link",
      "attr": "href",
      "value": "css/style.css",
      "position": [
        26,
        6
      ],
      "status": "ok",
      "detail": null
    },
    {
      "file": "index.html",
      "tag": "link",
      "attr": "href",
      "value": "css/utility.css",
      "position": [
        27,
        4
      ],
      "status": "ok",
      "detail": null
    },
    {
      "file": "index.html",
      "tag": "link",
      "attr": "href",
      "value": "https://cdnjs.cloudflare.com/ajax/libs/font-awesome/6.5.1/css/all.min.css",
      "position": [
        28,
        4
      ],
      "status": "external",
      "detail": null
    },
    {
      "file": "index.html",
      "tag": "link",
      "attr": "href",
      "value": "fabs/css/cojoin.css",
      "position": [
        29,
        4
      ],
      "status": "ok",
      "detail": null
    },
    {
      "file": "index.html",
      "tag": "link",
      "attr": "href",
      "value": "fabs/css/chatbot.css",
      "position": [
        30,
        4
      ],
      "status": "ok",
      "detail": null
    },
    {
      "file": "index.html",
      "tag": "a",
      "attr": "href",
      "value": "index.html",
      "position": [
        35,
        6
      ],
      "status": "ok",
      "detail": null
    },
    {
      "file": "index.html",
      "tag": "a",
      "attr": "href",
      "value": "index.html",
      "position": [
        44,
        8
      ],
      "status": "ok",
      "detail": null
    },
    {
      "file": "index.html",
      "tag": "a",
      "attr": "href",
      "value": "contact-center.html",
      "position": [
        45,
        8
      ],
      "status": "ok",
      "detail": null
    },
    {
      "file": "index.html",
      "tag": "a",
      "attr": "href",
      "value": "it-support.html",
      "position": [
        46,
        8
      ],
      "status": "ok",
      "detail": null
    },
    {
      "file": "index.html",
      "tag": "a",
      "attr": "href",
      "value": "professional-services.html",
      "position": [
        47,
        8
      ],
      "status": "ok",
      "detail": null
    },
    {
      "file": "index.html",
      "tag": "a",
      "attr": "href",
      "value": "#cards-section",
      "position": [
        64,
        6
      ],
      "status": "ok",
      "detail": null
    },
    {
      "file": "index.html",
      "tag": "a",
      "attr": "href",
      "value": "sitemap.xml",
      "position": [
        100,
        6
      ],
      "status": "ok",
      "detail": null
    },
    {
      "file": "index.html",
      "tag": "script",
      "attr": "src",
      "value": "js/utils.js",
      "position": [
        104,
        2
      ],
      "status": "ok",
      "detail": null
    },
    {
      "file": "index.html",
      "tag": "script",
      "attr": "src",
      "value": "js/langtheme.js",
      "position": [
        105,
        4
      ],
      "status": "ok",
      "detail": null
    },
    {
      "file": "index.html",
      "tag": "script",
      "attr": "src",
      "value": "js/main.js",
      "position": [
        106,
        4
      ],
      "status": "ok",
      "detail": null
    },
    {
      "file": "index.html",
      "tag": "script",
      "attr": "src",
      "value": "js/search.js",
      "position": [
        107,
        4
      ],
      "status": "ok",
      "detail": null
    },
    {
      "file": "index.html",
      "tag": "script",
      "attr": "src",
      "value": "https://unpkg.com/dompurify@3.0.6/dist/purify.min.js",
      "position": [
        108,
        4
      ],
      "status": "external",
      "detail": null
    },
    {
      "file": "index.html",
      "tag": "script",
      "attr": "src",
      "value": "js/antibot.js",
      "position": [
        109,
        4
      ],
      "status": "ok",
      "detail": null
    },
    {
      "file": "index.html",
      "tag": "script",
      "attr": "src",
      "value": "fabs/js/cojoin.js",
      "position": [
        110,
        4
      ],
      "status": "ok",
      "detail": null
    },
    {
      "file": "index.html",
      "tag": "script",
      "attr": "src",
      "value": "fabs/js/fab-handlers.js",
      "position": [
        111,
        4
      ],
      "status": "ok",
      "detail": null
    },
    {
      "file": "index.html",
      "tag": "script",
      "attr": "src",
      "value": "fabs/js/chattia.js",
      "position": [
        112,
        4
      ],
      "status": "ok",
      "detail": null
    },
    {
      "file": "index.html",
      "tag": "script",
      "attr": "src",
      "value": "cojoinlistener.js",
      "position": [
        113,
        4
      ],
      "status": "ok",
      "detail": null
    },
    {
      "file": "it-support.html",
      "tag": "link",
      "attr": "href",
      "value": "manifest.json",
      "position": [
        10,
        6
      ],
      "status": "ok",
      "detail": null
    },
    {
      "file": "it-support.html",
      "tag": "script",
      "attr": "src",
      "value": "js/theme-init.js",
      "position": [
        24,
        6
      ],
      "status": "ok",
      "detail": null
    },
    {
      "file": "it-support.html",
      "tag": "link",
      "attr": "href",
      "value": "css/style.css",
      "position": [
        25,
        6
      ],
      "status": "ok",
      "detail": null
    },
    {
      "file": "it-support.html",
      "tag": "link",
      "attr": "href",
      "value": "css/utility.css",
      "position": [
        26,
        4
      ],
      "status": "ok",
      "detail": null
    },
    {
      "file": "it-support.html",
      "tag": "link",
      "attr": "href",
      "value": "https://cdnjs.cloudflare.com/ajax/libs/font-awesome/6.5.1/css/all.min.css",
      "position": [
        27,
        4
      ],
      "status": "external",
      "detail": null
    },
    {
      "file": "it-support.html",
      "tag": "link",
      "attr": "href",
      "value": "fabs/css/cojoin.css",
      "position": [
        28,
        4
      ],
      "status": "ok",
      "detail": null
    },
    {
      "file": "it-support.html",
      "tag": "link",
      "attr": "href",
      "value": "fabs/css/chatbot.css",
      "position": [
        29,
        4
      ],
      "status": "ok",
      "detail": null
    },
    {
      "file": "it-support.html",
      "tag": "a",
      "attr": "href",
      "value": "index.html",
      "position": [
        34,
        6
      ],
      "status": "ok",
      "detail": null
    },
    {
      "file": "it-support.html",
      "tag": "a",
      "attr": "href",
      "value": "index.html",
      "position": [
        43,
        8
      ],
      "status": "ok",
      "detail": null
    },
    {
      "file": "it-support.html",
      "tag": "a",
      "attr": "href",
      "value": "contact-center.html",
      "position": [
        44,
        8
      ],
      "status": "ok",
      "detail": null
    },
    {
      "file": "it-support.html",
      "tag": "a",
      "attr": "href",
      "value": "it-support.html",
      "position": [
        45,
        8
      ],
      "status": "ok",
      "detail": null
    },
    {
      "file": "it-support.html",
      "tag": "a",
      "attr": "href",
      "value": "professional-services.html",
      "position": [
        46,
        8
      ],
      "status": "ok",
      "detail": null
    },
    {
      "file": "it-support.html",
      "tag": "a",
      "attr": "href",
      "value": "#tiers",
      "position": [
        65,
        6
      ],
      "status": "ok",
      "detail": null
    },
    {
      "file": "it-support.html",
      "tag": "a",
      "attr": "href",
      "value": "sitemap.xml",
      "position": [
        94,
        6
      ],
      "status": "ok",
      "detail": null
    },
    {
      "file": "it-support.html",
      "tag": "script",
      "attr": "src",
      "value": "js/utils.js",
      "position": [
        98,
        4
      ],
      "status": "ok",
      "detail": null
    },
    {
      "file": "it-support.html",
      "tag": "script",
      "attr": "src",
      "value": "js/langtheme.js",
      "position": [
        99,
        4
      ],
      "status": "ok",
      "detail": null
    },
    {
      "file": "it-support.html",
      "tag": "script",
      "attr": "src",
      "value": "js/main.js",
      "position": [
        100,
        4
      ],
      "status": "ok",
      "detail": null
    },
    {
      "file": "it-support.html",
      "tag": "script",
      "attr": "src",
      "value": "js/search.js",
      "position": [
        101,
        4
      ],
      "status": "ok",
      "detail": null
    },
    {
      "file": "it-support.html",
      "tag": "script",
      "attr": "src",
      "value": "https://unpkg.com/dompurify@3.0.6/dist/purify.min.js",
      "position": [
        102,
        4
      ],
      "status": "external",
      "detail": null
    },
    {
      "file": "it-support.html",
      "tag": "script",
      "attr": "src",
      "value": "js/antibot.js",
      "position": [
        103,
        4
      ],
      "status": "ok",
      "detail": null
    },
    {
      "file": "it-support.html",
      "tag": "script",
      "attr": "src",
      "value": "fabs/js/cojoin.js",
      "position": [
        104,
        4
      ],
      "status": "ok",
      "detail": null
    },
    {
      "file": "it-support.html",
      "tag": "script",
      "attr": "src",
      "value": "fabs/js/fab-handlers.js",
      "position": [
        105,
        4
      ],
      "status": "ok",
      "detail": null
    },
    {
      "file": "it-support.html",
      "tag": "script",
      "attr": "src",
      "value": "fabs/js/chattia.js",
      "position": [
        106,
        4
      ],
      "status": "ok",
      "detail": null
    },
    {
      "file": "it-support.html",
      "tag": "script",
      "attr": "src",
      "value": "cojoinlistener.js",
      "position": [
        107,
        4
      ],
      "status": "ok",
      "detail": null
    }
  ]
}
